"","Data","DireÃ§Ã£o","Velocidade"
"1",2020-08-03 10:00:00,"Sintra-MemMartins",88.1111111111111
"2",2020-08-03 10:00:00,"MemMartins-Sintra",69.9578947368421
"3",2020-08-03 11:00:00,"Sintra-MemMartins",88.1098901098901
"4",2020-08-03 11:00:00,"MemMartins-Sintra",66.2662337662338
"5",2020-08-03 12:00:00,"Sintra-MemMartins",84.4383561643836
"6",2020-08-03 12:00:00,"MemMartins-Sintra",65.1315789473684
"7",2020-08-03 13:00:00,"Sintra-MemMartins",90.5681818181818
"8",2020-08-03 13:00:00,"MemMartins-Sintra",70.352
"9",2020-08-03 14:00:00,"Sintra-MemMartins",85.7135135135135
"10",2020-08-03 14:00:00,"MemMartins-Sintra",65.8917197452229
"11",2020-08-03 15:00:00,"Sintra-MemMartins",81.096256684492
"12",2020-08-03 15:00:00,"MemMartins-Sintra",70.15
"13",2020-08-03 16:00:00,"Sintra-MemMartins",87.423645320197
"14",2020-08-03 16:00:00,"MemMartins-Sintra",67.4065040650407
"15",2020-08-03 17:00:00,"Sintra-MemMartins",82.8720379146919
"16",2020-08-03 17:00:00,"MemMartins-Sintra",70.5859375
"17",2020-08-03 18:00:00,"Sintra-MemMartins",81.8174273858921
"18",2020-08-03 18:00:00,"MemMartins-Sintra",66.9275362318841
"19",2020-08-03 19:00:00,"Sintra-MemMartins",88.83
"20",2020-08-03 19:00:00,"MemMartins-Sintra",67.9074074074074
"21",2020-08-03 20:00:00,"Sintra-MemMartins",90.8914728682171
"22",2020-08-03 20:00:00,"MemMartins-Sintra",63.5138888888889
"23",2020-08-03 21:00:00,"Sintra-MemMartins",88.6341463414634
"24",2020-08-03 21:00:00,"MemMartins-Sintra",69.1034482758621
"25",2020-08-03 22:00:00,"Sintra-MemMartins",76.4
"26",2020-08-04 10:00:00,"Sintra-MemMartins",85.5889570552147
"27",2020-08-04 10:00:00,"MemMartins-Sintra",65.2832369942196
"28",2020-08-04 11:00:00,"Sintra-MemMartins",88.219387755102
"29",2020-08-04 11:00:00,"MemMartins-Sintra",66.885
"30",2020-08-04 12:00:00,"Sintra-MemMartins",84.7085020242915
"31",2020-08-04 12:00:00,"MemMartins-Sintra",67.1513513513514
"32",2020-08-04 13:00:00,"Sintra-MemMartins",87.070796460177
"33",2020-08-04 13:00:00,"MemMartins-Sintra",67.7105263157895
"34",2020-08-04 14:00:00,"Sintra-MemMartins",82.6863905325444
"35",2020-08-04 14:00:00,"MemMartins-Sintra",66.1686746987952
"36",2020-08-04 15:00:00,"Sintra-MemMartins",82.8755364806867
"37",2020-08-04 15:00:00,"MemMartins-Sintra",70.1325301204819
"38",2020-08-04 16:00:00,"Sintra-MemMartins",79.7754237288136
"39",2020-08-04 16:00:00,"MemMartins-Sintra",67.4967741935484
"40",2020-08-04 17:00:00,"Sintra-MemMartins",76.3393939393939
"41",2020-08-04 17:00:00,"MemMartins-Sintra",69.8441558441558
"42",2020-08-04 18:00:00,"Sintra-MemMartins",75.949806949807
"43",2020-08-04 18:00:00,"MemMartins-Sintra",72.5348837209302
"44",2020-08-04 19:00:00,"Sintra-MemMartins",83.8977777777778
"45",2020-08-04 19:00:00,"MemMartins-Sintra",68.1020408163265
"46",2020-08-04 20:00:00,"Sintra-MemMartins",87.0104166666667
"47",2020-08-04 20:00:00,"MemMartins-Sintra",61.75
"48",2020-08-04 21:00:00,"Sintra-MemMartins",92.7105263157895
"49",2020-08-04 21:00:00,"MemMartins-Sintra",96.8
"50",2020-08-04 22:00:00,"Sintra-MemMartins",97.8333333333333
"51",2020-08-04 22:00:00,"MemMartins-Sintra",84
"52",2020-08-05 10:00:00,"Sintra-MemMartins",90.62
"53",2020-08-05 10:00:00,"MemMartins-Sintra",67.1351351351351
"54",2020-08-05 11:00:00,"Sintra-MemMartins",85.25
"55",2020-08-05 11:00:00,"MemMartins-Sintra",64.9365853658537
"56",2020-08-05 12:00:00,"Sintra-MemMartins",86.1345291479821
"57",2020-08-05 12:00:00,"MemMartins-Sintra",68.5754189944134
"58",2020-08-05 13:00:00,"Sintra-MemMartins",85.6936936936937
"59",2020-08-05 13:00:00,"MemMartins-Sintra",68.3066666666667
"60",2020-08-05 14:00:00,"Sintra-MemMartins",81.9041916167665
"61",2020-08-05 14:00:00,"MemMartins-Sintra",67.7391304347826
"62",2020-08-05 15:00:00,"Sintra-MemMartins",82.3489583333333
"63",2020-08-05 15:00:00,"MemMartins-Sintra",67.4919786096257
"64",2020-08-05 16:00:00,"Sintra-MemMartins",80.6958174904943
"65",2020-08-05 16:00:00,"MemMartins-Sintra",69.1677419354839
"66",2020-08-05 17:00:00,"Sintra-MemMartins",77.3262032085562
"67",2020-08-05 17:00:00,"MemMartins-Sintra",69.4496644295302
"68",2020-08-05 18:00:00,"Sintra-MemMartins",79.4323308270677
"69",2020-08-05 18:00:00,"MemMartins-Sintra",72.5157232704402
"70",2020-08-05 19:00:00,"Sintra-MemMartins",90.1867219917012
"71",2020-08-05 19:00:00,"MemMartins-Sintra",68.8241758241758
"72",2020-08-05 20:00:00,"Sintra-MemMartins",94.1727272727273
"73",2020-08-05 20:00:00,"MemMartins-Sintra",66.0789473684211
"74",2020-08-05 21:00:00,"Sintra-MemMartins",92.4642857142857
"75",2020-08-05 21:00:00,"MemMartins-Sintra",62.3636363636364
"76",2020-08-05 22:00:00,"Sintra-MemMartins",85.9259259259259
"77",2020-08-05 22:00:00,"MemMartins-Sintra",64.7142857142857
"78",2020-08-05 23:00:00,"Sintra-MemMartins",88.5384615384615
"79",2020-08-05 23:00:00,"MemMartins-Sintra",67.25
"80",2020-08-06 00:00:00,"Sintra-MemMartins",93.9
"81",2020-08-06 00:00:00,"MemMartins-Sintra",65.3333333333333
"82",2020-08-06 01:00:00,"Sintra-MemMartins",98.4
"83",2020-08-06 02:00:00,"Sintra-MemMartins",101
"84",2020-08-06 02:00:00,"MemMartins-Sintra",82
"85",2020-08-06 03:00:00,"MemMartins-Sintra",117
"86",2020-08-06 04:00:00,"Sintra-MemMartins",52
"87",2020-08-06 05:00:00,"Sintra-MemMartins",103.5
"88",2020-08-06 06:00:00,"Sintra-MemMartins",82.7
"89",2020-08-06 06:00:00,"MemMartins-Sintra",57.25
"90",2020-08-06 07:00:00,"Sintra-MemMartins",84.64
"91",2020-08-06 07:00:00,"MemMartins-Sintra",64.2307692307692
"92",2020-08-06 08:00:00,"Sintra-MemMartins",83.5
"93",2020-08-06 08:00:00,"MemMartins-Sintra",69.5909090909091
"94",2020-08-06 09:00:00,"Sintra-MemMartins",93.6870229007634
"95",2020-08-06 09:00:00,"MemMartins-Sintra",68.625
"96",2020-08-06 10:00:00,"Sintra-MemMartins",89.0909090909091
"97",2020-08-06 10:00:00,"MemMartins-Sintra",66.1290322580645
"98",2020-08-06 11:00:00,"Sintra-MemMartins",86.6820512820513
"99",2020-08-06 11:00:00,"MemMartins-Sintra",66.3762376237624
"100",2020-08-06 12:00:00,"Sintra-MemMartins",87.7112068965517
"101",2020-08-06 12:00:00,"MemMartins-Sintra",67.3118811881188
"102",2020-08-06 13:00:00,"Sintra-MemMartins",87.9480968858131
"103",2020-08-06 13:00:00,"MemMartins-Sintra",69.0476190476191
"104",2020-08-06 14:00:00,"Sintra-MemMartins",87.36
"105",2020-08-06 14:00:00,"MemMartins-Sintra",69.39375
"106",2020-08-06 15:00:00,"Sintra-MemMartins",86.054054054054
"107",2020-08-06 15:00:00,"MemMartins-Sintra",68.643216080402
"108",2020-08-06 16:00:00,"Sintra-MemMartins",83.2362869198312
"109",2020-08-06 16:00:00,"MemMartins-Sintra",66.7204968944099
"110",2020-08-06 17:00:00,"Sintra-MemMartins",77.0567375886525
"111",2020-08-06 17:00:00,"MemMartins-Sintra",67.313829787234
"112",2020-08-06 18:00:00,"Sintra-MemMartins",76.0377358490566
"113",2020-08-06 18:00:00,"MemMartins-Sintra",72.1324503311258
"114",2020-08-06 19:00:00,"Sintra-MemMartins",86.7280334728033
"115",2020-08-06 19:00:00,"MemMartins-Sintra",66.9439252336449
"116",2020-08-06 20:00:00,"Sintra-MemMartins",90.2739726027397
"117",2020-08-06 20:00:00,"MemMartins-Sintra",64.3888888888889
"118",2020-08-06 21:00:00,"Sintra-MemMartins",86.4
"119",2020-08-06 21:00:00,"MemMartins-Sintra",67.0526315789474
"120",2020-08-06 22:00:00,"Sintra-MemMartins",84.9375
"121",2020-08-06 22:00:00,"MemMartins-Sintra",70.6
"122",2020-08-06 23:00:00,"Sintra-MemMartins",94.0869565217391
"123",2020-08-06 23:00:00,"MemMartins-Sintra",76.2
"124",2020-08-07 00:00:00,"Sintra-MemMartins",88.0625
"125",2020-08-07 00:00:00,"MemMartins-Sintra",75.5
"126",2020-08-07 01:00:00,"Sintra-MemMartins",88.5
"127",2020-08-07 02:00:00,"Sintra-MemMartins",85.6666666666667
"128",2020-08-07 03:00:00,"Sintra-MemMartins",110
"129",2020-08-07 04:00:00,"Sintra-MemMartins",98.5
"130",2020-08-07 05:00:00,"Sintra-MemMartins",100.833333333333
"131",2020-08-07 06:00:00,"Sintra-MemMartins",88.5555555555556
"132",2020-08-07 06:00:00,"MemMartins-Sintra",81.6
"133",2020-08-07 07:00:00,"Sintra-MemMartins",88.6774193548387
"134",2020-08-07 07:00:00,"MemMartins-Sintra",68.7972972972973
"135",2020-08-07 08:00:00,"Sintra-MemMartins",85.9285714285714
"136",2020-08-07 08:00:00,"MemMartins-Sintra",68.2342342342342
"137",2020-08-07 09:00:00,"Sintra-MemMartins",87.0559440559441
"138",2020-08-07 09:00:00,"MemMartins-Sintra",69.038062283737
"139",2020-08-07 10:00:00,"Sintra-MemMartins",91.8611111111111
"140",2020-08-07 10:00:00,"MemMartins-Sintra",69.525
"141",2020-08-08 14:00:00,"Sintra-MemMartins",87.25
"142",2020-08-08 14:00:00,"MemMartins-Sintra",64.4347826086957
"143",2020-08-08 15:00:00,"Sintra-MemMartins",89.241935483871
"144",2020-08-08 15:00:00,"MemMartins-Sintra",72.0733944954128
"145",2020-08-08 16:00:00,"Sintra-MemMartins",85.1428571428571
"146",2020-08-08 16:00:00,"MemMartins-Sintra",67.6929824561404
"147",2020-08-08 17:00:00,"Sintra-MemMartins",80.1020408163265
"148",2020-08-08 17:00:00,"MemMartins-Sintra",67.4297520661157
"149",2020-08-08 18:00:00,"Sintra-MemMartins",77.6689189189189
"150",2020-08-08 18:00:00,"MemMartins-Sintra",70.9705882352941
"151",2020-08-08 19:00:00,"Sintra-MemMartins",91.712
"152",2020-08-08 19:00:00,"MemMartins-Sintra",71.6060606060606
"153",2020-08-08 20:00:00,"Sintra-MemMartins",93.325
"154",2020-08-08 20:00:00,"MemMartins-Sintra",65
"155",2020-08-08 21:00:00,"Sintra-MemMartins",88.780487804878
"156",2020-08-08 21:00:00,"MemMartins-Sintra",72.35
"157",2020-08-08 22:00:00,"Sintra-MemMartins",91.0909090909091
"158",2020-08-08 22:00:00,"MemMartins-Sintra",67.3333333333333
"159",2020-08-08 23:00:00,"Sintra-MemMartins",88.8571428571429
"160",2020-08-08 23:00:00,"MemMartins-Sintra",71.4
"161",2020-08-09 00:00:00,"Sintra-MemMartins",86.0833333333333
"162",2020-08-09 01:00:00,"Sintra-MemMartins",93.25
"163",2020-08-09 02:00:00,"Sintra-MemMartins",85.75
"164",2020-08-09 03:00:00,"Sintra-MemMartins",110.5
"165",2020-08-09 05:00:00,"Sintra-MemMartins",94
"166",2020-08-09 06:00:00,"Sintra-MemMartins",89.3333333333333
"167",2020-08-09 07:00:00,"Sintra-MemMartins",90.4545454545455
"168",2020-08-09 07:00:00,"MemMartins-Sintra",74
"169",2020-08-09 08:00:00,"Sintra-MemMartins",97
"170",2020-08-09 08:00:00,"MemMartins-Sintra",67.6756756756757
"171",2020-08-09 09:00:00,"Sintra-MemMartins",87.609756097561
"172",2020-08-09 09:00:00,"MemMartins-Sintra",69.5
"173",2020-08-09 10:00:00,"Sintra-MemMartins",88.7424242424242
"174",2020-08-09 10:00:00,"MemMartins-Sintra",66.4666666666667
"175",2020-08-09 11:00:00,"Sintra-MemMartins",88.9611650485437
"176",2020-08-09 11:00:00,"MemMartins-Sintra",68.4097222222222
"177",2020-08-09 12:00:00,"Sintra-MemMartins",88.6622516556291
"178",2020-08-09 12:00:00,"MemMartins-Sintra",65.0909090909091
"179",2020-08-09 13:00:00,"Sintra-MemMartins",89.7647058823529
"180",2020-08-09 13:00:00,"MemMartins-Sintra",67.4343434343434
"181",2020-08-09 14:00:00,"Sintra-MemMartins",88.4210526315789
"182",2020-08-09 14:00:00,"MemMartins-Sintra",66.3614457831325
"183",2020-08-09 15:00:00,"Sintra-MemMartins",90.0891089108911
"184",2020-08-09 15:00:00,"MemMartins-Sintra",67.9082568807339
"185",2020-08-09 16:00:00,"Sintra-MemMartins",90.7986111111111
"186",2020-08-09 16:00:00,"MemMartins-Sintra",67.8867924528302
"187",2020-08-09 17:00:00,"Sintra-MemMartins",78.5348837209302
"188",2020-08-09 17:00:00,"MemMartins-Sintra",67.9906542056075
"189",2020-08-09 18:00:00,"Sintra-MemMartins",80.8965517241379
"190",2020-08-09 18:00:00,"MemMartins-Sintra",70.2019230769231
"191",2020-08-09 19:00:00,"Sintra-MemMartins",92.4051724137931
"192",2020-08-09 19:00:00,"MemMartins-Sintra",68.7441860465116
"193",2020-08-09 20:00:00,"Sintra-MemMartins",88.2926829268293
"194",2020-08-09 20:00:00,"MemMartins-Sintra",66.7948717948718
"195",2020-08-09 21:00:00,"Sintra-MemMartins",89.96875
"196",2020-08-09 21:00:00,"MemMartins-Sintra",73.5714285714286
"197",2020-08-09 22:00:00,"Sintra-MemMartins",86.3529411764706
"198",2020-08-09 22:00:00,"MemMartins-Sintra",70.4
"199",2020-08-09 23:00:00,"Sintra-MemMartins",86.3333333333333
"200",2020-08-09 23:00:00,"MemMartins-Sintra",66.5
"201",2020-08-10 00:00:00,"Sintra-MemMartins",93.9333333333333
"202",2020-08-10 00:00:00,"MemMartins-Sintra",75
"203",2020-08-10 01:00:00,"Sintra-MemMartins",62
"204",2020-08-10 02:00:00,"Sintra-MemMartins",76.3333333333333
"205",2020-08-10 03:00:00,"Sintra-MemMartins",83.5
"206",2020-08-10 05:00:00,"Sintra-MemMartins",95.625
"207",2020-08-10 06:00:00,"Sintra-MemMartins",97.8333333333333
"208",2020-08-10 06:00:00,"MemMartins-Sintra",67.5
"209",2020-08-10 07:00:00,"Sintra-MemMartins",85.5178571428571
"210",2020-08-10 07:00:00,"MemMartins-Sintra",68.375
"211",2020-08-10 08:00:00,"Sintra-MemMartins",82.8857142857143
"212",2020-08-10 08:00:00,"MemMartins-Sintra",67.3432835820896
"213",2020-08-10 09:00:00,"Sintra-MemMartins",86.8992805755396
"214",2020-08-10 09:00:00,"MemMartins-Sintra",66.8219178082192
"215",2020-08-10 10:00:00,"Sintra-MemMartins",82.8333333333333
"216",2020-08-10 10:00:00,"MemMartins-Sintra",67.828025477707
"217",2020-08-10 11:00:00,"Sintra-MemMartins",85.4778325123153
"218",2020-08-10 11:00:00,"MemMartins-Sintra",67.1437908496732
"219",2020-08-10 12:00:00,"Sintra-MemMartins",84.9866071428571
"220",2020-08-10 12:00:00,"MemMartins-Sintra",65.4831460674157
"221",2020-08-10 13:00:00,"Sintra-MemMartins",85.972850678733
"222",2020-08-10 13:00:00,"MemMartins-Sintra",67.843537414966
"223",2020-08-10 14:00:00,"Sintra-MemMartins",85.9939393939394
"224",2020-08-10 14:00:00,"MemMartins-Sintra",70.1123595505618
"225",2020-08-10 15:00:00,"Sintra-MemMartins",81.0582524271845
"226",2020-08-10 15:00:00,"MemMartins-Sintra",66.906432748538
"227",2020-08-10 16:00:00,"Sintra-MemMartins",81.2991071428571
"228",2020-08-10 16:00:00,"MemMartins-Sintra",65.5644171779141
"229",2020-08-10 17:00:00,"Sintra-MemMartins",80.1142857142857
"230",2020-08-10 17:00:00,"MemMartins-Sintra",70.888198757764
"231",2020-08-10 18:00:00,"Sintra-MemMartins",79.698347107438
"232",2020-08-10 18:00:00,"MemMartins-Sintra",69.2480620155039
"233",2020-08-10 19:00:00,"Sintra-MemMartins",88.2115384615385
"234",2020-08-10 19:00:00,"MemMartins-Sintra",64.5423728813559
"235",2020-08-10 20:00:00,"Sintra-MemMartins",87.2264150943396
"236",2020-08-10 20:00:00,"MemMartins-Sintra",66.974025974026
"237",2020-08-10 21:00:00,"Sintra-MemMartins",90.0930232558139
"238",2020-08-10 21:00:00,"MemMartins-Sintra",70.5555555555556
"239",2020-08-10 22:00:00,"Sintra-MemMartins",80.1666666666667
"240",2020-08-10 22:00:00,"MemMartins-Sintra",61.6
"241",2020-08-10 23:00:00,"Sintra-MemMartins",78.2666666666667
"242",2020-08-10 23:00:00,"MemMartins-Sintra",68
"243",2020-08-11 00:00:00,"Sintra-MemMartins",94.5
"244",2020-08-11 00:00:00,"MemMartins-Sintra",58
"245",2020-08-11 01:00:00,"Sintra-MemMartins",99
"246",2020-08-11 01:00:00,"MemMartins-Sintra",51
"247",2020-08-11 02:00:00,"Sintra-MemMartins",113
"248",2020-08-11 03:00:00,"Sintra-MemMartins",71
"249",2020-08-11 04:00:00,"Sintra-MemMartins",76
"250",2020-08-11 04:00:00,"MemMartins-Sintra",113
"251",2020-08-11 05:00:00,"Sintra-MemMartins",79.5
"252",2020-08-11 06:00:00,"Sintra-MemMartins",96.1428571428571
"253",2020-08-11 06:00:00,"MemMartins-Sintra",64.5
"254",2020-08-11 07:00:00,"Sintra-MemMartins",83.9487179487179
"255",2020-08-11 07:00:00,"MemMartins-Sintra",71.1216216216216
"256",2020-08-11 08:00:00,"Sintra-MemMartins",83.785046728972
"257",2020-08-11 08:00:00,"MemMartins-Sintra",67.3851851851852
"258",2020-08-11 09:00:00,"Sintra-MemMartins",87.625
"259",2020-08-11 09:00:00,"MemMartins-Sintra",64.3440860215054
"260",2020-08-11 10:00:00,"Sintra-MemMartins",82.7277777777778
"261",2020-08-11 10:00:00,"MemMartins-Sintra",65.8720930232558
"262",2020-08-11 11:00:00,"Sintra-MemMartins",85.6733668341708
"263",2020-08-11 11:00:00,"MemMartins-Sintra",64.556338028169
"264",2020-08-11 12:00:00,"Sintra-MemMartins",85.8398268398268
"265",2020-08-11 12:00:00,"MemMartins-Sintra",67.3270440251572
"266",2020-08-11 13:00:00,"Sintra-MemMartins",89.0443349753695
"267",2020-08-11 13:00:00,"MemMartins-Sintra",68.8833333333333
"268",2020-08-11 14:00:00,"Sintra-MemMartins",86.5441176470588
"269",2020-08-11 14:00:00,"MemMartins-Sintra",71.7469135802469
"270",2020-08-11 15:00:00,"Sintra-MemMartins",85.3785046728972
"271",2020-08-11 15:00:00,"MemMartins-Sintra",65.2230215827338
"272",2020-08-11 16:00:00,"Sintra-MemMartins",82.9463414634146
"273",2020-08-11 16:00:00,"MemMartins-Sintra",63.3255813953488
"274",2020-08-11 17:00:00,"Sintra-MemMartins",86.0280373831776
"275",2020-08-11 17:00:00,"MemMartins-Sintra",65.7517730496454
"276",2020-08-11 18:00:00,"Sintra-MemMartins",84.8576779026217
"277",2020-08-11 18:00:00,"MemMartins-Sintra",69.4809160305343
"278",2020-08-11 19:00:00,"Sintra-MemMartins",84.6230366492147
"279",2020-08-11 19:00:00,"MemMartins-Sintra",66.2133333333333
"280",2020-08-11 20:00:00,"Sintra-MemMartins",89.3738317757009
"281",2020-08-11 20:00:00,"MemMartins-Sintra",64.8139534883721
"282",2020-08-11 21:00:00,"Sintra-MemMartins",90.25
"283",2020-08-11 21:00:00,"MemMartins-Sintra",62.8571428571429
"284",2020-08-11 22:00:00,"Sintra-MemMartins",94.2307692307692
"285",2020-08-11 22:00:00,"MemMartins-Sintra",79
"286",2020-08-11 23:00:00,"Sintra-MemMartins",88.3846153846154
"287",2020-08-11 23:00:00,"MemMartins-Sintra",59
"288",2020-08-12 00:00:00,"Sintra-MemMartins",91.5
"289",2020-08-12 01:00:00,"Sintra-MemMartins",97
"290",2020-08-12 02:00:00,"Sintra-MemMartins",85.5
"291",2020-08-12 03:00:00,"Sintra-MemMartins",108
"292",2020-08-12 04:00:00,"MemMartins-Sintra",87.5
"293",2020-08-12 05:00:00,"Sintra-MemMartins",77
"294",2020-08-12 05:00:00,"MemMartins-Sintra",63
"295",2020-08-12 06:00:00,"Sintra-MemMartins",98.5
"296",2020-08-12 06:00:00,"MemMartins-Sintra",54
"297",2020-08-12 07:00:00,"Sintra-MemMartins",86.125
"298",2020-08-12 07:00:00,"MemMartins-Sintra",60.3333333333333
"299",2020-08-12 08:00:00,"Sintra-MemMartins",78.8787878787879
"300",2020-08-12 08:00:00,"MemMartins-Sintra",107.5
"301",2020-08-12 09:00:00,"Sintra-MemMartins",77.2363636363636
"302",2020-08-12 09:00:00,"MemMartins-Sintra",66.96
"303",2020-08-12 10:00:00,"Sintra-MemMartins",73.045045045045
"304",2020-08-12 10:00:00,"MemMartins-Sintra",61.7894736842105
"305",2020-08-12 11:00:00,"Sintra-MemMartins",84.8015267175573
"306",2020-08-12 11:00:00,"MemMartins-Sintra",65.5
"307",2020-08-12 12:00:00,"Sintra-MemMartins",84.4811320754717
"308",2020-08-12 12:00:00,"MemMartins-Sintra",66.6122448979592
"309",2020-08-12 13:00:00,"Sintra-MemMartins",85.7421052631579
"310",2020-08-12 13:00:00,"MemMartins-Sintra",68.1868131868132
"311",2020-08-12 14:00:00,"Sintra-MemMartins",85.632183908046
"312",2020-08-12 14:00:00,"MemMartins-Sintra",68.4647887323944
"313",2020-08-12 15:00:00,"Sintra-MemMartins",85.040404040404
"314",2020-08-12 15:00:00,"MemMartins-Sintra",66.5928571428571
"315",2020-08-12 16:00:00,"Sintra-MemMartins",85.4422110552764
"316",2020-08-12 16:00:00,"MemMartins-Sintra",69.6899224806202
"317",2020-08-12 17:00:00,"Sintra-MemMartins",86.0257731958763
"318",2020-08-12 17:00:00,"MemMartins-Sintra",71.1727272727273
"319",2020-08-12 18:00:00,"Sintra-MemMartins",84.7409638554217
"320",2020-08-12 18:00:00,"MemMartins-Sintra",64.5609756097561
"321",2020-08-12 19:00:00,"Sintra-MemMartins",87.2245989304813
"322",2020-08-12 19:00:00,"MemMartins-Sintra",70.3368421052632
"323",2020-08-12 20:00:00,"Sintra-MemMartins",88.1818181818182
"324",2020-08-12 20:00:00,"MemMartins-Sintra",69.2753623188406
"325",2020-08-12 21:00:00,"Sintra-MemMartins",88.4146341463415
"326",2020-08-12 21:00:00,"MemMartins-Sintra",73.1111111111111
"327",2020-08-12 22:00:00,"Sintra-MemMartins",88.0833333333333
"328",2020-08-12 22:00:00,"MemMartins-Sintra",75
"329",2020-08-12 23:00:00,"Sintra-MemMartins",79.2666666666667
"330",2020-08-12 23:00:00,"MemMartins-Sintra",74.375
"331",2020-08-13 00:00:00,"Sintra-MemMartins",81.0909090909091
"332",2020-08-13 00:00:00,"MemMartins-Sintra",57
"333",2020-08-13 01:00:00,"Sintra-MemMartins",93
"334",2020-08-13 02:00:00,"Sintra-MemMartins",97
"335",2020-08-13 04:00:00,"Sintra-MemMartins",89
"336",2020-08-13 04:00:00,"MemMartins-Sintra",69
"337",2020-08-13 05:00:00,"Sintra-MemMartins",112.5
"338",2020-08-13 05:00:00,"MemMartins-Sintra",86
"339",2020-08-13 06:00:00,"Sintra-MemMartins",86
"340",2020-08-13 06:00:00,"MemMartins-Sintra",67.2
"341",2020-08-13 07:00:00,"Sintra-MemMartins",87.9736842105263
"342",2020-08-13 07:00:00,"MemMartins-Sintra",73.6724137931034
"343",2020-08-13 08:00:00,"Sintra-MemMartins",89.2428571428571
"344",2020-08-13 08:00:00,"MemMartins-Sintra",69.0064516129032
"345",2020-08-13 09:00:00,"Sintra-MemMartins",91.832
"346",2020-08-13 09:00:00,"MemMartins-Sintra",69.8391167192429
"347",2020-08-13 10:00:00,"Sintra-MemMartins",89.4210526315789
"348",2020-08-13 10:00:00,"MemMartins-Sintra",68.1483253588517
"349",2020-08-13 11:00:00,"Sintra-MemMartins",83.0049261083744
"350",2020-08-13 11:00:00,"MemMartins-Sintra",67.7409326424871
"351",2020-08-13 12:00:00,"Sintra-MemMartins",87.2345132743363
"352",2020-08-13 12:00:00,"MemMartins-Sintra",68.3958333333333
"353",2020-08-13 13:00:00,"Sintra-MemMartins",91.2304147465438
"354",2020-08-13 13:00:00,"MemMartins-Sintra",68.379746835443
"355",2020-08-13 14:00:00,"Sintra-MemMartins",85.1528662420382
"356",2020-08-13 14:00:00,"MemMartins-Sintra",69.34375
"357",2020-08-13 15:00:00,"Sintra-MemMartins",81.6632124352332
"358",2020-08-13 15:00:00,"MemMartins-Sintra",67.2485875706215
"359",2020-08-13 16:00:00,"Sintra-MemMartins",82.7336244541485
"360",2020-08-13 16:00:00,"MemMartins-Sintra",66.7668711656442
"361",2020-08-13 17:00:00,"Sintra-MemMartins",71.3896103896104
"362",2020-08-13 17:00:00,"MemMartins-Sintra",67.9840425531915
"363",2020-08-13 18:00:00,"Sintra-MemMartins",72.7224669603524
"364",2020-08-13 18:00:00,"MemMartins-Sintra",70.185393258427
"365",2020-08-13 19:00:00,"Sintra-MemMartins",85.4838709677419
"366",2020-08-13 19:00:00,"MemMartins-Sintra",69.1764705882353
"367",2020-08-13 20:00:00,"Sintra-MemMartins",89.8541666666667
"368",2020-08-13 20:00:00,"MemMartins-Sintra",63.5454545454545
"369",2020-08-13 21:00:00,"Sintra-MemMartins",87.9411764705882
"370",2020-08-13 21:00:00,"MemMartins-Sintra",57.5
"371",2020-08-13 22:00:00,"Sintra-MemMartins",89.12
"372",2020-08-13 22:00:00,"MemMartins-Sintra",90
"373",2020-08-13 23:00:00,"Sintra-MemMartins",86.3684210526316
"374",2020-08-13 23:00:00,"MemMartins-Sintra",70.3333333333333
"375",2020-08-14 00:00:00,"Sintra-MemMartins",101.4
"376",2020-08-14 00:00:00,"MemMartins-Sintra",83
"377",2020-08-14 01:00:00,"Sintra-MemMartins",93.1666666666667
"378",2020-08-14 01:00:00,"MemMartins-Sintra",60
"379",2020-08-14 04:00:00,"MemMartins-Sintra",110
"380",2020-08-14 05:00:00,"Sintra-MemMartins",88
"381",2020-08-14 06:00:00,"Sintra-MemMartins",98.6666666666667
"382",2020-08-14 06:00:00,"MemMartins-Sintra",70.25
"383",2020-08-14 07:00:00,"Sintra-MemMartins",86.5581395348837
"384",2020-08-14 07:00:00,"MemMartins-Sintra",72.375
"385",2020-08-14 08:00:00,"Sintra-MemMartins",88.2289156626506
"386",2020-08-14 08:00:00,"MemMartins-Sintra",71.1290322580645
"387",2020-08-14 09:00:00,"Sintra-MemMartins",89.2671232876712
"388",2020-08-14 09:00:00,"MemMartins-Sintra",67.1542553191489
"389",2020-08-14 10:00:00,"Sintra-MemMartins",88.7272727272727
"390",2020-08-14 10:00:00,"MemMartins-Sintra",67.5436893203884
"391",2020-08-14 11:00:00,"Sintra-MemMartins",87.7166666666667
"392",2020-08-14 11:00:00,"MemMartins-Sintra",65.6717171717172
"393",2020-08-14 12:00:00,"Sintra-MemMartins",86.9957081545064
"394",2020-08-14 12:00:00,"MemMartins-Sintra",67.6464646464647
"395",2020-08-14 13:00:00,"Sintra-MemMartins",87.7848605577689
"396",2020-08-14 13:00:00,"MemMartins-Sintra",71.0816326530612
"397",2020-08-14 14:00:00,"Sintra-MemMartins",84.4186046511628
"398",2020-08-14 14:00:00,"MemMartins-Sintra",68.921875
"399",2020-08-14 15:00:00,"Sintra-MemMartins",84.3809523809524
"400",2020-08-14 15:00:00,"MemMartins-Sintra",69.1047120418848
"401",2020-08-14 16:00:00,"Sintra-MemMartins",83.4655870445344
"402",2020-08-14 16:00:00,"MemMartins-Sintra",66.2934131736527
"403",2020-08-14 17:00:00,"Sintra-MemMartins",75.687074829932
"404",2020-08-14 17:00:00,"MemMartins-Sintra",67.8118811881188
"405",2020-08-14 18:00:00,"Sintra-MemMartins",75.2455357142857
"406",2020-08-14 18:00:00,"MemMartins-Sintra",69.030303030303
"407",2020-08-14 19:00:00,"Sintra-MemMartins",85.0816326530612
"408",2020-08-14 19:00:00,"MemMartins-Sintra",65.7096774193548
"409",2020-08-14 20:00:00,"Sintra-MemMartins",88.1984732824427
"410",2020-08-14 20:00:00,"MemMartins-Sintra",58.8974358974359
"411",2020-08-14 21:00:00,"Sintra-MemMartins",88.4186046511628
"412",2020-08-14 21:00:00,"MemMartins-Sintra",64.5555555555556
"413",2020-08-14 22:00:00,"Sintra-MemMartins",87.6153846153846
"414",2020-08-14 22:00:00,"MemMartins-Sintra",64.5
"415",2020-08-14 23:00:00,"Sintra-MemMartins",88.7368421052632
"416",2020-08-14 23:00:00,"MemMartins-Sintra",75.75
"417",2020-08-15 00:00:00,"Sintra-MemMartins",97.8333333333333
"418",2020-08-15 00:00:00,"MemMartins-Sintra",94.6666666666667
"419",2020-08-15 01:00:00,"Sintra-MemMartins",90
"420",2020-08-15 01:00:00,"MemMartins-Sintra",64
"421",2020-08-15 02:00:00,"Sintra-MemMartins",85
"422",2020-08-15 03:00:00,"Sintra-MemMartins",97
"423",2020-08-15 04:00:00,"Sintra-MemMartins",91
"424",2020-08-15 04:00:00,"MemMartins-Sintra",73
"425",2020-08-15 05:00:00,"Sintra-MemMartins",103
"426",2020-08-15 06:00:00,"Sintra-MemMartins",100
"427",2020-08-15 06:00:00,"MemMartins-Sintra",91.3333333333333
"428",2020-08-15 07:00:00,"Sintra-MemMartins",83.4
"429",2020-08-15 07:00:00,"MemMartins-Sintra",40.5
"430",2020-08-15 08:00:00,"Sintra-MemMartins",88.4390243902439
"431",2020-08-15 08:00:00,"MemMartins-Sintra",72.4285714285714
"432",2020-08-15 09:00:00,"Sintra-MemMartins",93.3768115942029
"433",2020-08-15 09:00:00,"MemMartins-Sintra",69.21875
"434",2020-08-15 10:00:00,"Sintra-MemMartins",91.2338709677419
"435",2020-08-15 10:00:00,"MemMartins-Sintra",66.6132075471698
"436",2020-08-15 11:00:00,"Sintra-MemMartins",88.0704225352113
"437",2020-08-15 11:00:00,"MemMartins-Sintra",66.6934306569343
"438",2020-08-15 12:00:00,"Sintra-MemMartins",88.1987179487179
"439",2020-08-15 12:00:00,"MemMartins-Sintra",66.5846153846154
"440",2020-08-15 13:00:00,"Sintra-MemMartins",87.1512605042017
"441",2020-08-15 13:00:00,"MemMartins-Sintra",68.9340659340659
"442",2020-08-15 14:00:00,"Sintra-MemMartins",88.0927835051546
"443",2020-08-15 14:00:00,"MemMartins-Sintra",70.7659574468085
"444",2020-08-15 15:00:00,"Sintra-MemMartins",88.2666666666667
"445",2020-08-15 15:00:00,"MemMartins-Sintra",69.5663716814159
"446",2020-08-15 16:00:00,"Sintra-MemMartins",88.6350364963504
"447",2020-08-15 16:00:00,"MemMartins-Sintra",66.8888888888889
"448",2020-08-15 17:00:00,"Sintra-MemMartins",85.1881188118812
"449",2020-08-15 17:00:00,"MemMartins-Sintra",68.7222222222222
"450",2020-08-15 18:00:00,"Sintra-MemMartins",87.3706293706294
"451",2020-08-15 18:00:00,"MemMartins-Sintra",67.6184210526316
"452",2020-08-15 19:00:00,"Sintra-MemMartins",89.921875
"453",2020-08-15 19:00:00,"MemMartins-Sintra",70.0555555555556
"454",2020-08-15 20:00:00,"Sintra-MemMartins",90.8333333333333
"455",2020-08-15 20:00:00,"MemMartins-Sintra",68.6610169491525
"456",2020-08-15 21:00:00,"Sintra-MemMartins",91.425
"457",2020-08-15 21:00:00,"MemMartins-Sintra",65.6428571428571
"458",2020-08-15 22:00:00,"Sintra-MemMartins",80.4117647058823
"459",2020-08-15 22:00:00,"MemMartins-Sintra",72.25
"460",2020-08-15 23:00:00,"Sintra-MemMartins",87.7857142857143
"461",2020-08-15 23:00:00,"MemMartins-Sintra",72
"462",2020-08-16 00:00:00,"Sintra-MemMartins",91.8888888888889
"463",2020-08-16 00:00:00,"MemMartins-Sintra",57
"464",2020-08-16 01:00:00,"Sintra-MemMartins",90.1428571428571
"465",2020-08-16 01:00:00,"MemMartins-Sintra",55
"466",2020-08-16 02:00:00,"Sintra-MemMartins",102.333333333333
"467",2020-08-16 04:00:00,"Sintra-MemMartins",94
"468",2020-08-16 05:00:00,"Sintra-MemMartins",75
"469",2020-08-16 06:00:00,"Sintra-MemMartins",91.6666666666667
"470",2020-08-16 07:00:00,"Sintra-MemMartins",99.1666666666667
"471",2020-08-16 07:00:00,"MemMartins-Sintra",50.5
"472",2020-08-16 08:00:00,"Sintra-MemMartins",90.3
"473",2020-08-16 08:00:00,"MemMartins-Sintra",69.125
"474",2020-08-16 09:00:00,"Sintra-MemMartins",88.8490566037736
"475",2020-08-16 09:00:00,"MemMartins-Sintra",69.6309523809524
"476",2020-08-16 10:00:00,"Sintra-MemMartins",90.4246575342466
"477",2020-08-16 10:00:00,"MemMartins-Sintra",68.2571428571429
"478",2020-08-16 11:00:00,"Sintra-MemMartins",87.2340425531915
"479",2020-08-16 11:00:00,"MemMartins-Sintra",68.0178571428571
"480",2020-08-16 12:00:00,"Sintra-MemMartins",89.3658536585366
"481",2020-08-16 12:00:00,"MemMartins-Sintra",68.0333333333333
"482",2020-08-16 13:00:00,"Sintra-MemMartins",87.3015873015873
"483",2020-08-16 13:00:00,"MemMartins-Sintra",69.9111111111111
"484",2020-08-16 14:00:00,"Sintra-MemMartins",86.4519230769231
"485",2020-08-16 14:00:00,"MemMartins-Sintra",67.3544303797468
"486",2020-08-16 15:00:00,"Sintra-MemMartins",89.5
"487",2020-08-16 15:00:00,"MemMartins-Sintra",66.9469026548673
"488",2020-08-16 16:00:00,"Sintra-MemMartins",85.5725190839695
"489",2020-08-16 16:00:00,"MemMartins-Sintra",68.3503649635037
"490",2020-08-16 17:00:00,"Sintra-MemMartins",82.7640449438202
"491",2020-08-16 17:00:00,"MemMartins-Sintra",67.4017857142857
"492",2020-08-16 18:00:00,"Sintra-MemMartins",79.566265060241
"493",2020-08-16 18:00:00,"MemMartins-Sintra",68.3448275862069
"494",2020-08-16 19:00:00,"Sintra-MemMartins",85.7514792899408
"495",2020-08-16 19:00:00,"MemMartins-Sintra",70.7341772151899
"496",2020-08-16 20:00:00,"Sintra-MemMartins",90.1176470588235
"497",2020-08-16 20:00:00,"MemMartins-Sintra",70.7966101694915
"498",2020-08-16 21:00:00,"Sintra-MemMartins",84.9487179487179
"499",2020-08-16 21:00:00,"MemMartins-Sintra",68.3333333333333
"500",2020-08-16 22:00:00,"Sintra-MemMartins",79.3076923076923
"501",2020-08-16 22:00:00,"MemMartins-Sintra",70.6666666666667
"502",2020-08-16 23:00:00,"Sintra-MemMartins",87.75
"503",2020-08-16 23:00:00,"MemMartins-Sintra",68.75
"504",2020-08-17 00:00:00,"Sintra-MemMartins",88.25
"505",2020-08-17 01:00:00,"Sintra-MemMartins",108.5
"506",2020-08-17 02:00:00,"Sintra-MemMartins",78
"507",2020-08-17 03:00:00,"Sintra-MemMartins",93
"508",2020-08-17 04:00:00,"Sintra-MemMartins",93.3333333333333
"509",2020-08-17 05:00:00,"Sintra-MemMartins",92.5
"510",2020-08-17 06:00:00,"Sintra-MemMartins",100.714285714286
"511",2020-08-17 06:00:00,"MemMartins-Sintra",40
"512",2020-08-17 07:00:00,"Sintra-MemMartins",83.8823529411765
"513",2020-08-17 07:00:00,"MemMartins-Sintra",69.2631578947368
"514",2020-08-17 08:00:00,"Sintra-MemMartins",87.2261904761905
"515",2020-08-17 08:00:00,"MemMartins-Sintra",69.9784946236559
"516",2020-08-17 09:00:00,"Sintra-MemMartins",87.3357142857143
"517",2020-08-17 09:00:00,"MemMartins-Sintra",67.5384615384615
"518",2020-08-17 10:00:00,"Sintra-MemMartins",83.4102564102564
"519",2020-08-17 10:00:00,"MemMartins-Sintra",65.839378238342
"520",2020-08-17 11:00:00,"Sintra-MemMartins",81.8186528497409
"521",2020-08-17 11:00:00,"MemMartins-Sintra",67.5031847133758
"522",2020-08-17 12:00:00,"Sintra-MemMartins",86.4631147540984
"523",2020-08-17 12:00:00,"MemMartins-Sintra",65.3823529411765
"524",2020-08-17 13:00:00,"Sintra-MemMartins",84.656779661017
"525",2020-08-17 13:00:00,"MemMartins-Sintra",69.578231292517
"526",2020-08-17 14:00:00,"Sintra-MemMartins",84.8481012658228
"527",2020-08-17 14:00:00,"MemMartins-Sintra",70.0471204188482
"528",2020-08-17 15:00:00,"Sintra-MemMartins",82.9738219895288
"529",2020-08-17 15:00:00,"MemMartins-Sintra",67.8
"530",2020-08-17 16:00:00,"Sintra-MemMartins",84.6329787234042
"531",2020-08-17 16:00:00,"MemMartins-Sintra",68.0144927536232
"532",2020-08-17 17:00:00,"Sintra-MemMartins",84.6538461538462
"533",2020-08-17 17:00:00,"MemMartins-Sintra",67.5352112676056
"534",2020-08-17 18:00:00,"Sintra-MemMartins",82.0672268907563
"535",2020-08-17 18:00:00,"MemMartins-Sintra",68.1538461538462
"536",2020-08-17 19:00:00,"Sintra-MemMartins",87.8804347826087
"537",2020-08-17 19:00:00,"MemMartins-Sintra",66.3913043478261
"538",2020-08-17 20:00:00,"Sintra-MemMartins",87.2384615384615
"539",2020-08-17 20:00:00,"MemMartins-Sintra",68.2857142857143
"540",2020-08-17 21:00:00,"Sintra-MemMartins",81.7741935483871
"541",2020-08-17 21:00:00,"MemMartins-Sintra",72.8888888888889
"542",2020-08-17 22:00:00,"Sintra-MemMartins",83.3333333333333
"543",2020-08-17 23:00:00,"Sintra-MemMartins",89
"544",2020-08-17 23:00:00,"MemMartins-Sintra",70
"545",2020-08-18 00:00:00,"Sintra-MemMartins",89.5714285714286
"546",2020-08-18 00:00:00,"MemMartins-Sintra",75
"547",2020-08-18 01:00:00,"Sintra-MemMartins",79.75
"548",2020-08-18 01:00:00,"MemMartins-Sintra",48.5
"549",2020-08-18 02:00:00,"Sintra-MemMartins",75
"550",2020-08-18 03:00:00,"Sintra-MemMartins",87
"551",2020-08-18 04:00:00,"MemMartins-Sintra",58
"552",2020-08-18 05:00:00,"Sintra-MemMartins",96.2
"553",2020-08-18 06:00:00,"Sintra-MemMartins",86.5
"554",2020-08-18 06:00:00,"MemMartins-Sintra",76.5
"555",2020-08-18 07:00:00,"Sintra-MemMartins",79.3055555555556
"556",2020-08-18 07:00:00,"MemMartins-Sintra",69.0588235294118
"557",2020-08-18 08:00:00,"Sintra-MemMartins",81.2641509433962
"558",2020-08-18 08:00:00,"MemMartins-Sintra",64.5153846153846
"559",2020-08-18 09:00:00,"Sintra-MemMartins",82.398773006135
"560",2020-08-18 09:00:00,"MemMartins-Sintra",65.6739130434783
"561",2020-08-18 10:00:00,"Sintra-MemMartins",83.8172043010753
"562",2020-08-18 10:00:00,"MemMartins-Sintra",68.4230769230769
"563",2020-08-18 11:00:00,"Sintra-MemMartins",82.1271676300578
"564",2020-08-18 11:00:00,"MemMartins-Sintra",64.3412698412698
"565",2020-08-18 12:00:00,"Sintra-MemMartins",84.3519313304721
"566",2020-08-18 12:00:00,"MemMartins-Sintra",67.2033898305085
"567",2020-08-18 13:00:00,"Sintra-MemMartins",87.7543859649123
"568",2020-08-18 13:00:00,"MemMartins-Sintra",69.9256756756757
"569",2020-08-18 14:00:00,"Sintra-MemMartins",86.521472392638
"570",2020-08-18 14:00:00,"MemMartins-Sintra",68.2080924855491
"571",2020-08-18 15:00:00,"Sintra-MemMartins",84.7700534759358
"572",2020-08-18 15:00:00,"MemMartins-Sintra",66.1421800947867
"573",2020-08-18 16:00:00,"Sintra-MemMartins",85.3846153846154
"574",2020-08-18 16:00:00,"MemMartins-Sintra",65.0108108108108
"575",2020-08-18 17:00:00,"Sintra-MemMartins",71.0733333333333
"576",2020-08-18 17:00:00,"MemMartins-Sintra",66.8967136150235
"577",2020-08-18 18:00:00,"Sintra-MemMartins",69.4806201550388
"578",2020-08-18 18:00:00,"MemMartins-Sintra",70.9545454545455
"579",2020-08-18 19:00:00,"Sintra-MemMartins",84.5232558139535
"580",2020-08-18 19:00:00,"MemMartins-Sintra",68.2476190476191
"581",2020-08-18 20:00:00,"Sintra-MemMartins",91.6279069767442
"582",2020-08-18 20:00:00,"MemMartins-Sintra",39.6
"583",2020-08-18 21:00:00,"Sintra-MemMartins",88.8148148148148
"584",2020-08-18 21:00:00,"MemMartins-Sintra",79.75
"585",2020-08-18 22:00:00,"Sintra-MemMartins",98.0769230769231
"586",2020-08-18 22:00:00,"MemMartins-Sintra",62.3333333333333
"587",2020-08-18 23:00:00,"Sintra-MemMartins",83.7
"588",2020-08-18 23:00:00,"MemMartins-Sintra",62
"589",2020-08-19 00:00:00,"Sintra-MemMartins",91.125
"590",2020-08-19 01:00:00,"Sintra-MemMartins",104
"591",2020-08-19 02:00:00,"Sintra-MemMartins",81
"592",2020-08-19 03:00:00,"Sintra-MemMartins",109
"593",2020-08-19 04:00:00,"MemMartins-Sintra",74
"594",2020-08-19 05:00:00,"Sintra-MemMartins",102.5
"595",2020-08-19 05:00:00,"MemMartins-Sintra",78
"596",2020-08-19 06:00:00,"Sintra-MemMartins",85.4285714285714
"597",2020-08-19 06:00:00,"MemMartins-Sintra",68.6666666666667
"598",2020-08-19 07:00:00,"Sintra-MemMartins",86.4222222222222
"599",2020-08-19 07:00:00,"MemMartins-Sintra",60.9473684210526
"600",2020-08-19 08:00:00,"Sintra-MemMartins",84.1125
"601",2020-08-19 08:00:00,"MemMartins-Sintra",63.7474747474747
"602",2020-08-19 09:00:00,"Sintra-MemMartins",90.53125
"603",2020-08-19 09:00:00,"MemMartins-Sintra",67.8612440191388
"604",2020-08-19 10:00:00,"Sintra-MemMartins",86.9872611464968
"605",2020-08-19 10:00:00,"MemMartins-Sintra",67.2571428571429
"606",2020-08-19 11:00:00,"Sintra-MemMartins",83.8838383838384
"607",2020-08-19 11:00:00,"MemMartins-Sintra",65.7393617021277
"608",2020-08-19 12:00:00,"Sintra-MemMartins",84.4
"609",2020-08-19 12:00:00,"MemMartins-Sintra",67.3956043956044
"610",2020-08-19 13:00:00,"Sintra-MemMartins",87.5066666666667
"611",2020-08-19 13:00:00,"MemMartins-Sintra",68.9745222929936
"612",2020-08-19 14:00:00,"Sintra-MemMartins",80.3355263157895
"613",2020-08-19 14:00:00,"MemMartins-Sintra",69.0163043478261
"614",2020-08-19 15:00:00,"Sintra-MemMartins",82.547263681592
"615",2020-08-19 15:00:00,"MemMartins-Sintra",67.9765258215962
"616",2020-08-19 16:00:00,"Sintra-MemMartins",83.5676855895197
"617",2020-08-19 16:00:00,"MemMartins-Sintra",66.9875
"618",2020-08-19 17:00:00,"Sintra-MemMartins",81.7043010752688
"619",2020-08-19 17:00:00,"MemMartins-Sintra",66.7058823529412
"620",2020-08-19 18:00:00,"Sintra-MemMartins",74.7701149425287
"621",2020-08-19 18:00:00,"MemMartins-Sintra",66.3851351351351
"622",2020-08-19 19:00:00,"Sintra-MemMartins",84.6208530805687
"623",2020-08-19 19:00:00,"MemMartins-Sintra",65.9528301886792
"624",2020-08-19 20:00:00,"Sintra-MemMartins",89.5263157894737
"625",2020-08-19 20:00:00,"MemMartins-Sintra",57.9512195121951
"626",2020-08-19 21:00:00,"Sintra-MemMartins",87.4444444444444
"627",2020-08-19 21:00:00,"MemMartins-Sintra",73.1111111111111
"628",2020-08-19 22:00:00,"Sintra-MemMartins",88.36
"629",2020-08-19 22:00:00,"MemMartins-Sintra",50.25
"630",2020-08-19 23:00:00,"Sintra-MemMartins",90.8888888888889
"631",2020-08-19 23:00:00,"MemMartins-Sintra",78
"632",2020-08-20 00:00:00,"Sintra-MemMartins",86.7857142857143
"633",2020-08-20 00:00:00,"MemMartins-Sintra",74
"634",2020-08-20 01:00:00,"Sintra-MemMartins",84.625
"635",2020-08-20 01:00:00,"MemMartins-Sintra",59.5
"636",2020-08-20 02:00:00,"Sintra-MemMartins",107.6
"637",2020-08-20 02:00:00,"MemMartins-Sintra",84
"638",2020-08-20 03:00:00,"Sintra-MemMartins",106
"639",2020-08-20 04:00:00,"Sintra-MemMartins",91.5
"640",2020-08-20 04:00:00,"MemMartins-Sintra",72.5
"641",2020-08-20 05:00:00,"Sintra-MemMartins",95.8333333333333
"642",2020-08-20 06:00:00,"Sintra-MemMartins",81.2
"643",2020-08-20 06:00:00,"MemMartins-Sintra",76
"644",2020-08-20 07:00:00,"Sintra-MemMartins",80.2962962962963
"645",2020-08-20 07:00:00,"MemMartins-Sintra",66
"646",2020-08-20 08:00:00,"Sintra-MemMartins",82.15625
"647",2020-08-20 09:00:00,"Sintra-MemMartins",80.5116279069767
"648",2020-08-20 09:00:00,"MemMartins-Sintra",115
"649",2020-08-20 10:00:00,"Sintra-MemMartins",78.5
"650",2020-08-20 10:00:00,"MemMartins-Sintra",67.5526315789474
"651",2020-08-20 11:00:00,"Sintra-MemMartins",81.8502994011976
"652",2020-08-20 11:00:00,"MemMartins-Sintra",61.0487804878049
"653",2020-08-20 12:00:00,"Sintra-MemMartins",80.7344398340249
"654",2020-08-20 12:00:00,"MemMartins-Sintra",62.8333333333333
"655",2020-08-20 13:00:00,"Sintra-MemMartins",85.235807860262
"656",2020-08-20 13:00:00,"MemMartins-Sintra",66.2222222222222
"657",2020-08-20 14:00:00,"Sintra-MemMartins",78.6588235294118
"658",2020-08-20 14:00:00,"MemMartins-Sintra",65.4
"659",2020-08-20 15:00:00,"Sintra-MemMartins",81.5348837209302
"660",2020-08-20 15:00:00,"MemMartins-Sintra",67
"661",2020-08-20 16:00:00,"Sintra-MemMartins",83.2944785276074
"662",2020-08-20 16:00:00,"MemMartins-Sintra",64.6329113924051
"663",2020-08-20 17:00:00,"Sintra-MemMartins",79.3973214285714
"664",2020-08-20 17:00:00,"MemMartins-Sintra",63.3260869565217
"665",2020-08-20 18:00:00,"Sintra-MemMartins",80.9922480620155
"666",2020-08-20 18:00:00,"MemMartins-Sintra",63.95
"667",2020-08-20 19:00:00,"Sintra-MemMartins",83.45
"668",2020-08-20 19:00:00,"MemMartins-Sintra",69.6422018348624
"669",2020-08-20 20:00:00,"Sintra-MemMartins",85.0810810810811
"670",2020-08-20 20:00:00,"MemMartins-Sintra",67.2352941176471
"671",2020-08-20 21:00:00,"Sintra-MemMartins",90.8823529411765
"672",2020-08-20 21:00:00,"MemMartins-Sintra",48
"673",2020-08-20 22:00:00,"Sintra-MemMartins",85.1176470588235
"674",2020-08-20 22:00:00,"MemMartins-Sintra",55
"675",2020-08-20 23:00:00,"Sintra-MemMartins",86.7142857142857
"676",2020-08-20 23:00:00,"MemMartins-Sintra",78.5
"677",2020-08-21 00:00:00,"Sintra-MemMartins",90.3636363636364
"678",2020-08-21 01:00:00,"Sintra-MemMartins",86
"679",2020-08-21 02:00:00,"Sintra-MemMartins",86
"680",2020-08-21 03:00:00,"Sintra-MemMartins",102
"681",2020-08-21 04:00:00,"Sintra-MemMartins",103.666666666667
"682",2020-08-21 04:00:00,"MemMartins-Sintra",79
"683",2020-08-21 05:00:00,"Sintra-MemMartins",96.375
"684",2020-08-21 06:00:00,"Sintra-MemMartins",82.75
"685",2020-08-21 06:00:00,"MemMartins-Sintra",68.5
"686",2020-08-21 07:00:00,"Sintra-MemMartins",89.5625
"687",2020-08-21 07:00:00,"MemMartins-Sintra",64.9473684210526
"688",2020-08-21 08:00:00,"Sintra-MemMartins",86
"689",2020-08-21 08:00:00,"MemMartins-Sintra",70.203007518797
"690",2020-08-21 09:00:00,"Sintra-MemMartins",86.2266666666667
"691",2020-08-21 09:00:00,"MemMartins-Sintra",68.5024875621891
"692",2020-08-21 10:00:00,"Sintra-MemMartins",86.7581699346405
"693",2020-08-21 10:00:00,"MemMartins-Sintra",68.2090909090909
"694",2020-08-21 11:00:00,"Sintra-MemMartins",84.2421052631579
"695",2020-08-21 11:00:00,"MemMartins-Sintra",68.3383838383838
"696",2020-08-21 12:00:00,"Sintra-MemMartins",87.3695652173913
"697",2020-08-21 12:00:00,"MemMartins-Sintra",66.1882352941176
"698",2020-08-21 13:00:00,"Sintra-MemMartins",88.8544600938967
"699",2020-08-21 13:00:00,"MemMartins-Sintra",69.9221556886228
"700",2020-08-21 14:00:00,"Sintra-MemMartins",84.3867403314917
"701",2020-08-21 14:00:00,"MemMartins-Sintra",68.3529411764706
"702",2020-08-21 15:00:00,"Sintra-MemMartins",88.2771084337349
"703",2020-08-21 15:00:00,"MemMartins-Sintra",68.765625
"704",2020-08-21 16:00:00,"Sintra-MemMartins",85.287610619469
"705",2020-08-21 16:00:00,"MemMartins-Sintra",65.9505494505494
"706",2020-08-21 17:00:00,"Sintra-MemMartins",73.9116022099447
"707",2020-08-21 17:00:00,"MemMartins-Sintra",67.6031746031746
"708",2020-08-21 18:00:00,"Sintra-MemMartins",80.3349282296651
"709",2020-08-21 18:00:00,"MemMartins-Sintra",66.078431372549
"710",2020-08-21 19:00:00,"Sintra-MemMartins",86.8618421052632
"711",2020-08-21 19:00:00,"MemMartins-Sintra",67.8404255319149
"712",2020-08-21 20:00:00,"Sintra-MemMartins",89.6936936936937
"713",2020-08-21 20:00:00,"MemMartins-Sintra",57.6153846153846
"714",2020-08-21 21:00:00,"Sintra-MemMartins",91.7575757575758
"715",2020-08-21 21:00:00,"MemMartins-Sintra",71.7
"716",2020-08-21 22:00:00,"Sintra-MemMartins",84.5909090909091
"717",2020-08-21 22:00:00,"MemMartins-Sintra",73.5
"718",2020-08-21 23:00:00,"Sintra-MemMartins",87.8148148148148
"719",2020-08-21 23:00:00,"MemMartins-Sintra",82.2857142857143
"720",2020-08-22 00:00:00,"Sintra-MemMartins",93.3571428571429
"721",2020-08-22 00:00:00,"MemMartins-Sintra",70
"722",2020-08-22 01:00:00,"Sintra-MemMartins",83.2857142857143
"723",2020-08-22 02:00:00,"Sintra-MemMartins",89
"724",2020-08-22 03:00:00,"Sintra-MemMartins",93
"725",2020-08-22 04:00:00,"MemMartins-Sintra",70
"726",2020-08-22 05:00:00,"Sintra-MemMartins",84.1666666666667
"727",2020-08-22 06:00:00,"Sintra-MemMartins",89
"728",2020-08-22 07:00:00,"Sintra-MemMartins",94.7777777777778
"729",2020-08-22 08:00:00,"Sintra-MemMartins",91.2162162162162
"730",2020-08-22 08:00:00,"MemMartins-Sintra",73.5694444444444
"731",2020-08-22 09:00:00,"Sintra-MemMartins",90.9036144578313
"732",2020-08-22 09:00:00,"MemMartins-Sintra",69.7445255474452
"733",2020-08-22 10:00:00,"Sintra-MemMartins",89.3032786885246
"734",2020-08-22 10:00:00,"MemMartins-Sintra",68.6390977443609
"735",2020-08-22 11:00:00,"Sintra-MemMartins",89.3161290322581
"736",2020-08-22 11:00:00,"MemMartins-Sintra",66.5350318471338
"737",2020-08-22 12:00:00,"Sintra-MemMartins",88.5879396984925
"738",2020-08-22 12:00:00,"MemMartins-Sintra",67.1952662721893
"739",2020-08-22 13:00:00,"Sintra-MemMartins",88.7022471910112
"740",2020-08-22 13:00:00,"MemMartins-Sintra",68.771186440678
"741",2020-08-22 14:00:00,"Sintra-MemMartins",91.198275862069
"742",2020-08-22 14:00:00,"MemMartins-Sintra",69.9897959183673
"743",2020-08-22 15:00:00,"Sintra-MemMartins",89.1759259259259
"744",2020-08-22 15:00:00,"MemMartins-Sintra",69.9758064516129
"745",2020-08-22 16:00:00,"Sintra-MemMartins",88.1297709923664
"746",2020-08-22 16:00:00,"MemMartins-Sintra",64.2845528455285
"747",2020-08-22 17:00:00,"Sintra-MemMartins",79.1609195402299
"748",2020-08-22 17:00:00,"MemMartins-Sintra",67.5378787878788
"749",2020-08-22 18:00:00,"Sintra-MemMartins",73.8529411764706
"750",2020-08-22 18:00:00,"MemMartins-Sintra",71.3055555555556
"751",2020-08-22 19:00:00,"Sintra-MemMartins",85.621359223301
"752",2020-08-22 19:00:00,"MemMartins-Sintra",68.6857142857143
"753",2020-08-22 20:00:00,"Sintra-MemMartins",92.3555555555556
"754",2020-08-22 20:00:00,"MemMartins-Sintra",60
"755",2020-08-22 21:00:00,"Sintra-MemMartins",86.08
"756",2020-08-22 21:00:00,"MemMartins-Sintra",77.3
"757",2020-08-22 22:00:00,"Sintra-MemMartins",87.2941176470588
"758",2020-08-22 22:00:00,"MemMartins-Sintra",71
"759",2020-08-22 23:00:00,"Sintra-MemMartins",90.2142857142857
"760",2020-08-22 23:00:00,"MemMartins-Sintra",74.5
"761",2020-08-23 00:00:00,"Sintra-MemMartins",86.9
"762",2020-08-23 01:00:00,"Sintra-MemMartins",96
"763",2020-08-23 01:00:00,"MemMartins-Sintra",68
"764",2020-08-23 02:00:00,"Sintra-MemMartins",84
"765",2020-08-23 03:00:00,"MemMartins-Sintra",67
"766",2020-08-23 04:00:00,"Sintra-MemMartins",115
"767",2020-08-23 05:00:00,"Sintra-MemMartins",105
"768",2020-08-23 06:00:00,"Sintra-MemMartins",94.6666666666667
"769",2020-08-23 07:00:00,"Sintra-MemMartins",93.375
"770",2020-08-23 07:00:00,"MemMartins-Sintra",52.75
"771",2020-08-23 08:00:00,"Sintra-MemMartins",93.4117647058823
"772",2020-08-23 08:00:00,"MemMartins-Sintra",74.95
"773",2020-08-23 09:00:00,"Sintra-MemMartins",86.7222222222222
"774",2020-08-23 09:00:00,"MemMartins-Sintra",69.6826923076923
"775",2020-08-23 10:00:00,"Sintra-MemMartins",88.0736842105263
"776",2020-08-23 10:00:00,"MemMartins-Sintra",66.3893129770992
"777",2020-08-23 11:00:00,"Sintra-MemMartins",86.3968253968254
"778",2020-08-23 11:00:00,"MemMartins-Sintra",64.9801324503311
"779",2020-08-23 12:00:00,"Sintra-MemMartins",87.4039735099338
"780",2020-08-23 12:00:00,"MemMartins-Sintra",68.1612903225806
"781",2020-08-23 13:00:00,"Sintra-MemMartins",88.1194029850746
"782",2020-08-23 13:00:00,"MemMartins-Sintra",68.9069767441861
"783",2020-08-23 14:00:00,"Sintra-MemMartins",87.7294117647059
"784",2020-08-23 14:00:00,"MemMartins-Sintra",68.531914893617
"785",2020-08-23 15:00:00,"Sintra-MemMartins",91.2448979591837
"786",2020-08-23 15:00:00,"MemMartins-Sintra",67.8396946564885
"787",2020-08-23 16:00:00,"Sintra-MemMartins",87.2844036697248
"788",2020-08-23 16:00:00,"MemMartins-Sintra",66.8925619834711
"789",2020-08-23 17:00:00,"Sintra-MemMartins",82.5625
"790",2020-08-23 17:00:00,"MemMartins-Sintra",67.0350877192982
"791",2020-08-23 18:00:00,"Sintra-MemMartins",77.2083333333333
"792",2020-08-23 18:00:00,"MemMartins-Sintra",67.7525773195876
"793",2020-08-23 19:00:00,"Sintra-MemMartins",87.8536585365854
"794",2020-08-23 19:00:00,"MemMartins-Sintra",66.5593220338983
"795",2020-08-23 20:00:00,"Sintra-MemMartins",95.2368421052632
"796",2020-08-23 20:00:00,"MemMartins-Sintra",56.125
"797",2020-08-23 21:00:00,"Sintra-MemMartins",87.3157894736842
"798",2020-08-23 21:00:00,"MemMartins-Sintra",70
"799",2020-08-23 22:00:00,"Sintra-MemMartins",92
"800",2020-08-23 22:00:00,"MemMartins-Sintra",73.3333333333333
"801",2020-08-23 23:00:00,"Sintra-MemMartins",84.7333333333333
"802",2020-08-23 23:00:00,"MemMartins-Sintra",82.5
"803",2020-08-24 00:00:00,"Sintra-MemMartins",91.5882352941177
"804",2020-08-24 00:00:00,"MemMartins-Sintra",69
"805",2020-08-24 01:00:00,"Sintra-MemMartins",103
"806",2020-08-24 02:00:00,"Sintra-MemMartins",83
"807",2020-08-24 03:00:00,"Sintra-MemMartins",99.6666666666667
"808",2020-08-24 04:00:00,"Sintra-MemMartins",113
"809",2020-08-24 05:00:00,"Sintra-MemMartins",109
"810",2020-08-24 06:00:00,"Sintra-MemMartins",103.625
"811",2020-08-24 06:00:00,"MemMartins-Sintra",53
"812",2020-08-24 07:00:00,"Sintra-MemMartins",82.6346153846154
"813",2020-08-24 07:00:00,"MemMartins-Sintra",63.5283018867925
"814",2020-08-24 08:00:00,"Sintra-MemMartins",82.063829787234
"815",2020-08-24 08:00:00,"MemMartins-Sintra",70.1338028169014
"816",2020-08-24 09:00:00,"Sintra-MemMartins",90.1384615384615
"817",2020-08-24 09:00:00,"MemMartins-Sintra",68.7643979057592
"818",2020-08-24 10:00:00,"Sintra-MemMartins",87.5392670157068
"819",2020-08-24 10:00:00,"MemMartins-Sintra",67.1101321585903
"820",2020-08-24 11:00:00,"Sintra-MemMartins",87.147619047619
"821",2020-08-24 11:00:00,"MemMartins-Sintra",65.3115577889447
"822",2020-08-24 12:00:00,"Sintra-MemMartins",88.2711111111111
"823",2020-08-24 12:00:00,"MemMartins-Sintra",66.1069518716578
"824",2020-08-24 13:00:00,"Sintra-MemMartins",85.6095238095238
"825",2020-08-24 13:00:00,"MemMartins-Sintra",67.8854961832061
"826",2020-08-24 14:00:00,"Sintra-MemMartins",83.5483870967742
"827",2020-08-24 14:00:00,"MemMartins-Sintra",69.9728260869565
"828",2020-08-24 15:00:00,"Sintra-MemMartins",88.0502793296089
"829",2020-08-24 15:00:00,"MemMartins-Sintra",67.7647058823529
"830",2020-08-24 16:00:00,"Sintra-MemMartins",84.6422413793103
"831",2020-08-24 16:00:00,"MemMartins-Sintra",67.1486486486486
"832",2020-08-24 17:00:00,"Sintra-MemMartins",73.2207792207792
"833",2020-08-24 17:00:00,"MemMartins-Sintra",68.2594594594595
"834",2020-08-24 18:00:00,"Sintra-MemMartins",76.8541666666667
"835",2020-08-24 18:00:00,"MemMartins-Sintra",68.5244755244755
"836",2020-08-24 19:00:00,"Sintra-MemMartins",87.9411764705882
"837",2020-08-24 19:00:00,"MemMartins-Sintra",67.6785714285714
"838",2020-08-24 20:00:00,"Sintra-MemMartins",90.8380952380952
"839",2020-08-24 20:00:00,"MemMartins-Sintra",59.8666666666667
"840",2020-08-24 21:00:00,"Sintra-MemMartins",88.6296296296296
"841",2020-08-24 21:00:00,"MemMartins-Sintra",71.25
"842",2020-08-24 22:00:00,"Sintra-MemMartins",87.5555555555556
"843",2020-08-24 22:00:00,"MemMartins-Sintra",76.6666666666667
"844",2020-08-24 23:00:00,"Sintra-MemMartins",86.4117647058823
"845",2020-08-24 23:00:00,"MemMartins-Sintra",67.875
"846",2020-08-25 00:00:00,"Sintra-MemMartins",96.2
"847",2020-08-25 01:00:00,"Sintra-MemMartins",91.2857142857143
"848",2020-08-25 02:00:00,"Sintra-MemMartins",104.2
"849",2020-08-25 02:00:00,"MemMartins-Sintra",58
"850",2020-08-25 03:00:00,"MemMartins-Sintra",114
"851",2020-08-25 04:00:00,"Sintra-MemMartins",74
"852",2020-08-25 05:00:00,"Sintra-MemMartins",95.8333333333333
"853",2020-08-25 06:00:00,"Sintra-MemMartins",86.625
"854",2020-08-25 06:00:00,"MemMartins-Sintra",73.5
"855",2020-08-25 07:00:00,"Sintra-MemMartins",83.75
"856",2020-08-25 07:00:00,"MemMartins-Sintra",69.2941176470588
"857",2020-08-25 08:00:00,"Sintra-MemMartins",85.945945945946
"858",2020-08-25 08:00:00,"MemMartins-Sintra",73.3076923076923
"859",2020-08-25 09:00:00,"Sintra-MemMartins",93.4032258064516
"860",2020-08-25 09:00:00,"MemMartins-Sintra",69.3733333333333
"861",2020-08-25 10:00:00,"Sintra-MemMartins",87.122905027933
"862",2020-08-25 10:00:00,"MemMartins-Sintra",66.6
"863",2020-08-25 11:00:00,"Sintra-MemMartins",86.5661375661376
"864",2020-08-25 11:00:00,"MemMartins-Sintra",66.0578947368421
"865",2020-08-25 12:00:00,"Sintra-MemMartins",86.3786008230453
"866",2020-08-25 12:00:00,"MemMartins-Sintra",65.725
"867",2020-08-25 13:00:00,"Sintra-MemMartins",88.2245762711864
"868",2020-08-25 13:00:00,"MemMartins-Sintra",67.640243902439
"869",2020-08-25 14:00:00,"Sintra-MemMartins",87.1746987951807
"870",2020-08-25 14:00:00,"MemMartins-Sintra",69.877094972067
"871",2020-08-25 15:00:00,"Sintra-MemMartins",88.8674033149171
"872",2020-08-25 15:00:00,"MemMartins-Sintra",68
"873",2020-08-25 16:00:00,"Sintra-MemMartins",86.3282051282051
"874",2020-08-25 16:00:00,"MemMartins-Sintra",65.3311688311688
"875",2020-08-25 17:00:00,"Sintra-MemMartins",68.9494949494949
"876",2020-08-25 17:00:00,"MemMartins-Sintra",66.3398058252427
"877",2020-08-25 18:00:00,"Sintra-MemMartins",70.9444444444444
"878",2020-08-25 18:00:00,"MemMartins-Sintra",70.9230769230769
"879",2020-08-25 19:00:00,"Sintra-MemMartins",81.0847457627119
"880",2020-08-25 19:00:00,"MemMartins-Sintra",70.5647058823529
"881",2020-08-25 20:00:00,"Sintra-MemMartins",85.04
"882",2020-08-25 20:00:00,"MemMartins-Sintra",60.6666666666667
"883",2020-08-25 21:00:00,"Sintra-MemMartins",86.3448275862069
"884",2020-08-25 21:00:00,"MemMartins-Sintra",69
"885",2020-08-25 22:00:00,"Sintra-MemMartins",95
"886",2020-08-25 22:00:00,"MemMartins-Sintra",72.7142857142857
"887",2020-08-25 23:00:00,"Sintra-MemMartins",86.3529411764706
"888",2020-08-25 23:00:00,"MemMartins-Sintra",63.8333333333333
"889",2020-08-26 00:00:00,"Sintra-MemMartins",94.6428571428571
"890",2020-08-26 00:00:00,"MemMartins-Sintra",87.6666666666667
"891",2020-08-26 01:00:00,"Sintra-MemMartins",99.875
"892",2020-08-26 02:00:00,"MemMartins-Sintra",64
"893",2020-08-26 03:00:00,"Sintra-MemMartins",115
"894",2020-08-26 04:00:00,"Sintra-MemMartins",88
"895",2020-08-26 05:00:00,"Sintra-MemMartins",65
"896",2020-08-26 06:00:00,"Sintra-MemMartins",86
"897",2020-08-26 06:00:00,"MemMartins-Sintra",67
"898",2020-08-26 07:00:00,"Sintra-MemMartins",93.1176470588235
"899",2020-08-26 07:00:00,"MemMartins-Sintra",68.0930232558139
"900",2020-08-26 08:00:00,"Sintra-MemMartins",89.1944444444444
"901",2020-08-26 08:00:00,"MemMartins-Sintra",70.2651515151515
"902",2020-08-26 09:00:00,"Sintra-MemMartins",90.5285714285714
"903",2020-08-26 09:00:00,"MemMartins-Sintra",68.5
"904",2020-08-26 10:00:00,"Sintra-MemMartins",88.1508379888268
"905",2020-08-26 10:00:00,"MemMartins-Sintra",66.7476190476191
"906",2020-08-26 11:00:00,"Sintra-MemMartins",88.537688442211
"907",2020-08-26 11:00:00,"MemMartins-Sintra",65.4772727272727
"908",2020-08-26 12:00:00,"Sintra-MemMartins",84.7392996108949
"909",2020-08-26 12:00:00,"MemMartins-Sintra",67.2756756756757
"910",2020-08-26 13:00:00,"Sintra-MemMartins",85.8165137614679
"911",2020-08-26 13:00:00,"MemMartins-Sintra",66.2207792207792
"912",2020-08-26 14:00:00,"Sintra-MemMartins",83.8736842105263
"913",2020-08-26 14:00:00,"MemMartins-Sintra",67.9022988505747
"914",2020-08-26 15:00:00,"Sintra-MemMartins",85.2391304347826
"915",2020-08-26 15:00:00,"MemMartins-Sintra",69.5744680851064
"916",2020-08-26 16:00:00,"Sintra-MemMartins",85.0243902439024
"917",2020-08-26 16:00:00,"MemMartins-Sintra",64.5276073619632
"918",2020-08-26 17:00:00,"Sintra-MemMartins",69.6938775510204
"919",2020-08-26 17:00:00,"MemMartins-Sintra",67.2513966480447
"920",2020-08-26 18:00:00,"Sintra-MemMartins",73.8496240601504
"921",2020-08-26 18:00:00,"MemMartins-Sintra",67.7450980392157
"922",2020-08-26 19:00:00,"Sintra-MemMartins",88.1551724137931
"923",2020-08-26 19:00:00,"MemMartins-Sintra",69.9090909090909
"924",2020-08-26 20:00:00,"Sintra-MemMartins",91.021052631579
"925",2020-08-26 20:00:00,"MemMartins-Sintra",59.6296296296296
"926",2020-08-26 21:00:00,"Sintra-MemMartins",79.0555555555556
"927",2020-08-26 21:00:00,"MemMartins-Sintra",69
"928",2020-08-26 22:00:00,"Sintra-MemMartins",94.2666666666667
"929",2020-08-26 22:00:00,"MemMartins-Sintra",70.5
"930",2020-08-26 23:00:00,"Sintra-MemMartins",92.9285714285714
"931",2020-08-26 23:00:00,"MemMartins-Sintra",50
"932",2020-08-27 00:00:00,"Sintra-MemMartins",88.5238095238095
"933",2020-08-27 00:00:00,"MemMartins-Sintra",82
"934",2020-08-27 01:00:00,"Sintra-MemMartins",91
"935",2020-08-27 01:00:00,"MemMartins-Sintra",69.75
"936",2020-08-27 02:00:00,"Sintra-MemMartins",78.3333333333333
"937",2020-08-27 03:00:00,"Sintra-MemMartins",90
"938",2020-08-27 03:00:00,"MemMartins-Sintra",102
"939",2020-08-27 04:00:00,"Sintra-MemMartins",92
"940",2020-08-27 04:00:00,"MemMartins-Sintra",84
"941",2020-08-27 05:00:00,"Sintra-MemMartins",105
"942",2020-08-27 06:00:00,"Sintra-MemMartins",107.5
"943",2020-08-27 06:00:00,"MemMartins-Sintra",78.5
"944",2020-08-27 07:00:00,"Sintra-MemMartins",85.6545454545455
"945",2020-08-27 07:00:00,"MemMartins-Sintra",67.5660377358491
"946",2020-08-27 08:00:00,"Sintra-MemMartins",82.4731182795699
"947",2020-08-27 08:00:00,"MemMartins-Sintra",70.8321678321678
"948",2020-08-27 09:00:00,"Sintra-MemMartins",86.4615384615385
"949",2020-08-27 09:00:00,"MemMartins-Sintra",68.7004608294931
"950",2020-08-27 10:00:00,"Sintra-MemMartins",85.719512195122
"951",2020-08-27 10:00:00,"MemMartins-Sintra",66.2582417582418
"952",2020-08-27 11:00:00,"Sintra-MemMartins",87.6153846153846
"953",2020-08-27 11:00:00,"MemMartins-Sintra",65.7376237623762
"954",2020-08-27 12:00:00,"Sintra-MemMartins",85.1551724137931
"955",2020-08-27 12:00:00,"MemMartins-Sintra",65.8918918918919
"956",2020-08-27 13:00:00,"Sintra-MemMartins",84.4128440366973
"957",2020-08-27 13:00:00,"MemMartins-Sintra",68.7876712328767
"958",2020-08-27 14:00:00,"Sintra-MemMartins",83.9714285714286
"959",2020-08-27 14:00:00,"MemMartins-Sintra",69.7202380952381
"960",2020-08-27 15:00:00,"Sintra-MemMartins",83.6161616161616
"961",2020-08-27 15:00:00,"MemMartins-Sintra",70.0384615384615
"962",2020-08-27 16:00:00,"Sintra-MemMartins",85.6753926701571
"963",2020-08-27 16:00:00,"MemMartins-Sintra",68.2464788732394
"964",2020-08-27 17:00:00,"Sintra-MemMartins",80.4651162790698
"965",2020-08-27 17:00:00,"MemMartins-Sintra",65.4285714285714
"966",2020-08-27 18:00:00,"Sintra-MemMartins",81.9182692307692
"967",2020-08-27 18:00:00,"MemMartins-Sintra",63.0692307692308
"968",2020-08-27 19:00:00,"Sintra-MemMartins",90.14
"969",2020-08-27 19:00:00,"MemMartins-Sintra",67.7216494845361
"970",2020-08-27 20:00:00,"Sintra-MemMartins",87.9291338582677
"971",2020-08-27 20:00:00,"MemMartins-Sintra",71.9775280898876
"972",2020-08-27 21:00:00,"Sintra-MemMartins",86.7142857142857
"973",2020-08-27 21:00:00,"MemMartins-Sintra",71.5
"974",2020-08-27 22:00:00,"Sintra-MemMartins",92.8125
"975",2020-08-27 22:00:00,"MemMartins-Sintra",67.75
"976",2020-08-27 23:00:00,"Sintra-MemMartins",86.25
"977",2020-08-27 23:00:00,"MemMartins-Sintra",73.6666666666667
"978",2020-08-28 00:00:00,"Sintra-MemMartins",91.8666666666667
"979",2020-08-28 00:00:00,"MemMartins-Sintra",74.6666666666667
"980",2020-08-28 01:00:00,"Sintra-MemMartins",88.4
"981",2020-08-28 02:00:00,"Sintra-MemMartins",107
"982",2020-08-28 03:00:00,"Sintra-MemMartins",91
"983",2020-08-28 04:00:00,"Sintra-MemMartins",102.333333333333
"984",2020-08-28 05:00:00,"Sintra-MemMartins",97.6666666666667
"985",2020-08-28 06:00:00,"Sintra-MemMartins",78.8888888888889
"986",2020-08-28 06:00:00,"MemMartins-Sintra",68
"987",2020-08-28 07:00:00,"Sintra-MemMartins",87.6444444444444
"988",2020-08-28 07:00:00,"MemMartins-Sintra",69.1063829787234
"989",2020-08-28 08:00:00,"Sintra-MemMartins",82.9411764705882
"990",2020-08-28 08:00:00,"MemMartins-Sintra",69.7054794520548
"991",2020-08-28 09:00:00,"Sintra-MemMartins",85.6666666666667
"992",2020-08-28 09:00:00,"MemMartins-Sintra",67.2717391304348
"993",2020-08-28 10:00:00,"Sintra-MemMartins",82.9828571428571
"994",2020-08-28 10:00:00,"MemMartins-Sintra",66.7176470588235
"995",2020-08-28 11:00:00,"Sintra-MemMartins",85.05
"996",2020-08-28 11:00:00,"MemMartins-Sintra",69.9936305732484
"997",2020-08-28 12:00:00,"Sintra-MemMartins",85.2610441767068
"998",2020-08-28 12:00:00,"MemMartins-Sintra",65.5568181818182
"999",2020-08-28 13:00:00,"Sintra-MemMartins",84.7235023041475
"1000",2020-08-28 13:00:00,"MemMartins-Sintra",69.015037593985
"1001",2020-08-28 14:00:00,"Sintra-MemMartins",84.0710382513661
"1002",2020-08-28 14:00:00,"MemMartins-Sintra",67.8520710059172
"1003",2020-08-28 15:00:00,"Sintra-MemMartins",86.4950980392157
"1004",2020-08-28 15:00:00,"MemMartins-Sintra",67.3505154639175
"1005",2020-08-28 16:00:00,"Sintra-MemMartins",83.752427184466
"1006",2020-08-28 16:00:00,"MemMartins-Sintra",68.253164556962
"1007",2020-08-28 17:00:00,"Sintra-MemMartins",72.5604395604396
"1008",2020-08-28 17:00:00,"MemMartins-Sintra",67.9444444444444
"1009",2020-08-28 18:00:00,"Sintra-MemMartins",72.1056910569106
"1010",2020-08-28 18:00:00,"MemMartins-Sintra",67.2841530054645
"1011",2020-08-28 19:00:00,"Sintra-MemMartins",90.4746835443038
"1012",2020-08-28 19:00:00,"MemMartins-Sintra",66.3541666666667
"1013",2020-08-28 20:00:00,"Sintra-MemMartins",90.4477611940299
"1014",2020-08-28 20:00:00,"MemMartins-Sintra",65.0892857142857
"1015",2020-08-28 21:00:00,"Sintra-MemMartins",88
"1016",2020-08-28 21:00:00,"MemMartins-Sintra",57.8
"1017",2020-08-28 22:00:00,"Sintra-MemMartins",79.7894736842105
"1018",2020-08-28 22:00:00,"MemMartins-Sintra",64.8571428571429
"1019",2020-08-28 23:00:00,"Sintra-MemMartins",87.6363636363636
"1020",2020-08-28 23:00:00,"MemMartins-Sintra",78.75
"1021",2020-08-29 00:00:00,"Sintra-MemMartins",86.1538461538462
"1022",2020-08-29 00:00:00,"MemMartins-Sintra",77
"1023",2020-08-29 01:00:00,"Sintra-MemMartins",98
"1024",2020-08-29 01:00:00,"MemMartins-Sintra",77
"1025",2020-08-29 02:00:00,"Sintra-MemMartins",78.5
"1026",2020-08-29 02:00:00,"MemMartins-Sintra",89
"1027",2020-08-29 03:00:00,"Sintra-MemMartins",97
"1028",2020-08-29 04:00:00,"Sintra-MemMartins",104
"1029",2020-08-29 05:00:00,"Sintra-MemMartins",102.5
"1030",2020-08-29 06:00:00,"Sintra-MemMartins",102.714285714286
"1031",2020-08-29 07:00:00,"Sintra-MemMartins",95.8947368421053
"1032",2020-08-29 07:00:00,"MemMartins-Sintra",69.2857142857143
"1033",2020-08-29 08:00:00,"Sintra-MemMartins",90.1304347826087
"1034",2020-08-29 08:00:00,"MemMartins-Sintra",68.6470588235294
"1035",2020-08-29 09:00:00,"Sintra-MemMartins",91.725
"1036",2020-08-29 09:00:00,"MemMartins-Sintra",68.6363636363636
"1037",2020-08-29 10:00:00,"Sintra-MemMartins",89.6694915254237
"1038",2020-08-29 10:00:00,"MemMartins-Sintra",70.5428571428571
"1039",2020-08-29 11:00:00,"Sintra-MemMartins",88.2206896551724
"1040",2020-08-29 11:00:00,"MemMartins-Sintra",67.301775147929
"1041",2020-08-29 12:00:00,"Sintra-MemMartins",88.7244897959184
"1042",2020-08-29 12:00:00,"MemMartins-Sintra",67.3279569892473
"1043",2020-08-29 13:00:00,"Sintra-MemMartins",88.1988304093567
"1044",2020-08-29 13:00:00,"MemMartins-Sintra",71.1792452830189
"1045",2020-08-29 14:00:00,"Sintra-MemMartins",87.78125
"1046",2020-08-29 14:00:00,"MemMartins-Sintra",70.1397849462366
"1047",2020-08-29 15:00:00,"Sintra-MemMartins",90.6831683168317
"1048",2020-08-29 15:00:00,"MemMartins-Sintra",69.3467741935484
"1049",2020-08-29 16:00:00,"Sintra-MemMartins",90.794701986755
"1050",2020-08-29 16:00:00,"MemMartins-Sintra",68.2985074626866
"1051",2020-08-29 17:00:00,"Sintra-MemMartins",68.1276595744681
"1052",2020-08-29 17:00:00,"MemMartins-Sintra",69.22
"1053",2020-08-29 18:00:00,"Sintra-MemMartins",81.4426229508197
"1054",2020-08-29 18:00:00,"MemMartins-Sintra",69.198275862069
"1055",2020-08-29 19:00:00,"Sintra-MemMartins",88.7647058823529
"1056",2020-08-29 19:00:00,"MemMartins-Sintra",64.8666666666667
"1057",2020-08-29 20:00:00,"Sintra-MemMartins",94.9193548387097
"1058",2020-08-29 20:00:00,"MemMartins-Sintra",62.8571428571429
"1059",2020-08-29 21:00:00,"Sintra-MemMartins",86.8333333333333
"1060",2020-08-29 21:00:00,"MemMartins-Sintra",69
"1061",2020-08-29 22:00:00,"Sintra-MemMartins",84.4705882352941
"1062",2020-08-29 22:00:00,"MemMartins-Sintra",56.5
"1063",2020-08-29 23:00:00,"Sintra-MemMartins",91.2222222222222
"1064",2020-08-29 23:00:00,"MemMartins-Sintra",79
"1065",2020-08-30 00:00:00,"Sintra-MemMartins",89.8
"1066",2020-08-30 00:00:00,"MemMartins-Sintra",59.5
"1067",2020-08-30 01:00:00,"Sintra-MemMartins",102.714285714286
"1068",2020-08-30 01:00:00,"MemMartins-Sintra",67
"1069",2020-08-30 02:00:00,"Sintra-MemMartins",89.3333333333333
"1070",2020-08-30 03:00:00,"Sintra-MemMartins",83
"1071",2020-08-30 04:00:00,"Sintra-MemMartins",70.5
"1072",2020-08-30 04:00:00,"MemMartins-Sintra",66
"1073",2020-08-30 05:00:00,"Sintra-MemMartins",99.5
"1074",2020-08-30 06:00:00,"Sintra-MemMartins",95.75
"1075",2020-08-30 07:00:00,"Sintra-MemMartins",103.666666666667
"1076",2020-08-30 07:00:00,"MemMartins-Sintra",71.3333333333333
"1077",2020-08-30 08:00:00,"Sintra-MemMartins",89
"1078",2020-08-30 08:00:00,"MemMartins-Sintra",71.8571428571429
"1079",2020-08-30 09:00:00,"Sintra-MemMartins",90.56
"1080",2020-08-30 09:00:00,"MemMartins-Sintra",70.8392857142857
"1081",2020-08-30 10:00:00,"Sintra-MemMartins",89.5
"1082",2020-08-30 10:00:00,"MemMartins-Sintra",67.8095238095238
"1083",2020-08-30 11:00:00,"Sintra-MemMartins",84.4198473282443
"1084",2020-08-30 11:00:00,"MemMartins-Sintra",66.551948051948
"1085",2020-08-30 12:00:00,"Sintra-MemMartins",84.5294117647059
"1086",2020-08-30 12:00:00,"MemMartins-Sintra",66.3953488372093
"1087",2020-08-30 13:00:00,"Sintra-MemMartins",87.6737588652482
"1088",2020-08-30 13:00:00,"MemMartins-Sintra",67.9047619047619
"1089",2020-08-30 14:00:00,"Sintra-MemMartins",89.6741573033708
"1090",2020-08-30 14:00:00,"MemMartins-Sintra",69.6116504854369
"1091",2020-08-30 15:00:00,"Sintra-MemMartins",92.1515151515152
"1092",2020-08-30 15:00:00,"MemMartins-Sintra",69.6454545454545
"1093",2020-08-30 16:00:00,"Sintra-MemMartins",87.2741935483871
"1094",2020-08-30 16:00:00,"MemMartins-Sintra",63.2592592592593
"1095",2020-08-30 17:00:00,"Sintra-MemMartins",67.4081632653061
"1096",2020-08-30 17:00:00,"MemMartins-Sintra",66.8455284552846
"1097",2020-08-30 18:00:00,"Sintra-MemMartins",74.1666666666667
"1098",2020-08-30 18:00:00,"MemMartins-Sintra",69.4015151515152
"1099",2020-08-30 19:00:00,"Sintra-MemMartins",73.7297297297297
"1100",2020-08-30 19:00:00,"MemMartins-Sintra",67.4736842105263
"1101",2020-08-30 20:00:00,"Sintra-MemMartins",91.2537313432836
"1102",2020-08-30 20:00:00,"MemMartins-Sintra",73.75
"1103",2020-08-30 21:00:00,"Sintra-MemMartins",86.0666666666667
"1104",2020-08-30 21:00:00,"MemMartins-Sintra",55.25
"1105",2020-08-30 22:00:00,"Sintra-MemMartins",84.1
"1106",2020-08-30 22:00:00,"MemMartins-Sintra",70
"1107",2020-08-30 23:00:00,"Sintra-MemMartins",90.7777777777778
"1108",2020-08-30 23:00:00,"MemMartins-Sintra",65.6666666666667
"1109",2020-08-31 00:00:00,"Sintra-MemMartins",87.8571428571429
"1110",2020-08-31 00:00:00,"MemMartins-Sintra",56.25
"1111",2020-08-31 01:00:00,"Sintra-MemMartins",98.75
"1112",2020-08-31 02:00:00,"Sintra-MemMartins",102.4
"1113",2020-08-31 03:00:00,"Sintra-MemMartins",73
"1114",2020-08-31 04:00:00,"Sintra-MemMartins",69
"1115",2020-08-31 05:00:00,"Sintra-MemMartins",105.857142857143
"1116",2020-08-31 05:00:00,"MemMartins-Sintra",88
"1117",2020-08-31 06:00:00,"Sintra-MemMartins",70.6666666666667
"1118",2020-08-31 06:00:00,"MemMartins-Sintra",75.75
"1119",2020-08-31 07:00:00,"Sintra-MemMartins",90.6129032258064
"1120",2020-08-31 07:00:00,"MemMartins-Sintra",66.9411764705882
"1121",2020-08-31 08:00:00,"Sintra-MemMartins",90.0857142857143
"1122",2020-08-31 08:00:00,"MemMartins-Sintra",75.1503267973856
"1123",2020-08-31 09:00:00,"Sintra-MemMartins",90.6597222222222
"1124",2020-08-31 09:00:00,"MemMartins-Sintra",70.382252559727
"1125",2020-08-31 10:00:00,"Sintra-MemMartins",85.9784946236559
"1126",2020-08-31 10:00:00,"MemMartins-Sintra",68.182156133829
"1127",2020-08-31 11:00:00,"Sintra-MemMartins",84.5043859649123
"1128",2020-08-31 11:00:00,"MemMartins-Sintra",66.8867924528302
"1129",2020-08-31 12:00:00,"Sintra-MemMartins",84.2049469964664
"1130",2020-08-31 12:00:00,"MemMartins-Sintra",69.419689119171
"1131",2020-08-31 13:00:00,"Sintra-MemMartins",82.9352226720648
"1132",2020-08-31 13:00:00,"MemMartins-Sintra",69.4347826086957
"1133",2020-08-31 14:00:00,"Sintra-MemMartins",82.4020618556701
"1134",2020-08-31 14:00:00,"MemMartins-Sintra",69.8392857142857
"1135",2020-08-31 15:00:00,"Sintra-MemMartins",86.1318681318681
"1136",2020-08-31 15:00:00,"MemMartins-Sintra",67.9432989690722
"1137",2020-08-31 16:00:00,"Sintra-MemMartins",84.7416666666667
"1138",2020-08-31 16:00:00,"MemMartins-Sintra",65.9512195121951
"1139",2020-08-31 17:00:00,"Sintra-MemMartins",65.7661290322581
"1140",2020-08-31 17:00:00,"MemMartins-Sintra",63.5560975609756
"1141",2020-08-31 18:00:00,"Sintra-MemMartins",61.6831683168317
"1142",2020-08-31 18:00:00,"MemMartins-Sintra",67.4292929292929
"1143",2020-08-31 19:00:00,"Sintra-MemMartins",77.6521739130435
"1144",2020-08-31 19:00:00,"MemMartins-Sintra",62.5789473684211
"1145",2020-08-31 20:00:00,"Sintra-MemMartins",87.3923076923077
"1146",2020-08-31 20:00:00,"MemMartins-Sintra",67.2033898305085
"1147",2020-08-31 21:00:00,"Sintra-MemMartins",78.7209302325581
"1148",2020-08-31 21:00:00,"MemMartins-Sintra",62.4545454545455
"1149",2020-08-31 22:00:00,"Sintra-MemMartins",84.04
"1150",2020-08-31 22:00:00,"MemMartins-Sintra",69
"1151",2020-08-31 23:00:00,"Sintra-MemMartins",96.5882352941177
"1152",2020-08-31 23:00:00,"MemMartins-Sintra",74.6666666666667
"1153",2020-09-01 00:00:00,"Sintra-MemMartins",94.4210526315789
"1154",2020-09-01 00:00:00,"MemMartins-Sintra",50.6666666666667
"1155",2020-09-01 01:00:00,"Sintra-MemMartins",72
